{
  "openapi": "3.1.0",
  "info": {
    "version": "1.0.0",
    "title": "MVC Example",
    "description": "showing how to use mvc"
  },
  "servers": [
    {
      "url": "http://localhost:3000"
    }
  ],
  "paths": {
    "/login": {
      "get": {
        "summary": "Chama função is logged",
        "description": "Mostra mensagem logado",
        "responses": {
          "200": {
            "description": "OK"
          }
        }
      }
    },
    "/create": {
      "post": {
        "description": "",
        "responses": {
          "200": {
            "description": "OK"
          }
        },
        "requestBody": {
          "content": {
            "application/json": {
              "schema": {
                "type": "object",
                "properties": {
                  "email": {
                    "example": "any"
                  },
                  "password": {
                    "example": "any"
                  }
                }
              }
            }
          }
        }
      }
    },
    "/user/{id}": {
      "get": {
        "description": "",
        "parameters": [
          {
            "name": "id",
            "in": "path",
            "required": true,
            "schema": {
              "type": "string"
            }
          },
          {
            "name": "version",
            "in": "header",
            "schema": {
              "type": "string"
            }
          },
          {
            "name": "filter",
            "in": "query",
            "schema": {
              "type": "string"
            }
          }
        ],
        "responses": {
          "200": {
            "description": "OK"
          }
        }
      }
    },
    "/alunos": {
      "get": {
        "description": "",
        "responses": {
          "200": {
            "description": "OK"
          }
        }
      }
    },
    "/alunos/getall": {
      "get": {
        "description": "",
        "responses": {
          "default": {
            "description": ""
          }
        }
      }
    },
    "/alunos/save": {
      "post": {
        "description": "",
        "responses": {
          "200": {
            "description": "OK"
          }
        }
      }
    }
  }
}